{
  "sum": 1949868.0,
  "avr": 147.84047312154067,
  "sumMD": 16111.0,
  "avrMD": 133.1487603305785,
  "sumSD": 14918.0,
  "avrSD": 123.2892561983471,
  "max": 277.0,
  "min": 18.0
}